productTitle,originalPrice,tagText,price,sold
Leather Recliner,"$1,281.96",New Arrival,"$1,281.96",33
Glass Coffee Table,"$1,738.49",Free shipping,"$1,738.49",48
King Size Bed Frame,"$1,904.09",Best Seller,"$1,904.09",42
Leather Recliner,$379.44,Best Seller,$379.44,60
Ergonomic Office Chair,"$1,860.52",,"$1,337.62",33
King Size Bed Frame,"$1,035.02",Sale,$820.42,14
King Size Bed Frame,$590.66,Sale,$416.81,33
Leather Recliner,$972.36,Free shipping,$972.36,8
Wooden Dining Table,"$1,962.06",Free shipping,"$1,962.06",43
Ergonomic Office Chair,"$1,035.97",Sale,$776.02,46
Leather Recliner,$724.63,Free shipping,$724.63,37
Ergonomic Office Chair,"$1,303.46","Free shipping, Sale",$944.02,41
Ergonomic Office Chair,$556.28,Best Seller,$556.28,20
King Size Bed Frame,$244.14,,$244.14,56
Glass Coffee Table,$344.87,Free shipping,$344.87,51
Ergonomic Office Chair,$343.29,Free shipping,$343.29,42
Bookshelf,$388.62,,$388.62,13
King Size Bed Frame,$363.77,,$363.77,55
Wooden Dining Table,"$1,317.66","Free shipping, Sale",$868.09,29
Glass Coffee Table,$445.57,Best Seller,$445.57,54
Bookshelf,$756.77,Best Seller,$756.77,33
Bookshelf,"$1,803.90",,"$1,803.90",39
Wooden Dining Table,"$1,000.53",Sale,$667.75,26
Glass Coffee Table,"$1,368.36",Free shipping,"$1,368.36",53
King Size Bed Frame,$427.41,Best Seller,$427.41,54
Modern Sofa,$465.35,Best Seller,$465.35,21
Glass Coffee Table,$177.65,New Arrival,$177.65,55
Wooden Dining Table,$420.98,Best Seller,$420.98,55
Bookshelf,$629.32,Free shipping,$629.32,14
King Size Bed Frame,$436.32,Free shipping,$436.32,54
Glass Coffee Table,$268.53,Free shipping,$268.53,22
Modern Sofa,$329.21,Best Seller,$329.21,67
Modern Sofa,$975.48,Sale,$728.35,6
Ergonomic Office Chair,$492.03,Best Seller,$492.03,28
Ergonomic Office Chair,$792.11,,$792.11,17
Leather Recliner,"$1,056.49",Free shipping,"$1,056.49",23
Wooden Dining Table,"$1,411.75",Sale,"$1,244.02",14
Glass Coffee Table,$174.69,New Arrival,$174.69,67
Glass Coffee Table,"$1,618.88",,"$1,618.88",27
Leather Recliner,"$1,293.01",Sale,"$1,067.97",39
Bookshelf,$255.34,Free shipping,$255.34,37
Bookshelf,"$1,759.80",Free shipping,"$1,759.80",33
Leather Recliner,"$1,849.66",,"$1,849.66",7
Bookshelf,$216.05,"Free shipping, Sale",$171.09,69
Ergonomic Office Chair,$626.07,,$626.07,29
Glass Coffee Table,"$1,631.78",Sale,"$1,056.07",42
Leather Recliner,"$1,521.69",,"$1,521.69",14
Glass Coffee Table,$450.59,Free shipping,$450.59,58
Modern Sofa,$497.76,Best Seller,$497.76,26
Ergonomic Office Chair,$803.90,Sale,$618.88,25
King Size Bed Frame,"$1,020.59","Free shipping, Sale",$639.93,40
Ergonomic Office Chair,"$1,274.68",Best Seller,"$1,274.68",13
Leather Recliner,$800.94,,$800.94,29
King Size Bed Frame,$978.82,Free shipping,$978.82,46
Modern Sofa,"$1,520.19",Sale,"$1,054.85",35
Leather Recliner,$169.70,Best Seller,$169.70,61
Wooden Dining Table,$579.63,Free shipping,$579.63,35
Glass Coffee Table,"$1,455.36",,"$1,455.36",52
Modern Sofa,"$1,800.89",Free shipping,"$1,800.89",23
Glass Coffee Table,"$1,072.19",,"$1,072.19",20
Bookshelf,"$1,111.02",,"$1,111.02",53
Wooden Dining Table,$303.63,New Arrival,,20
Wooden Dining Table,$950.08,Free shipping,$950.08,18
Modern Sofa,"$1,111.97",Free shipping,"$1,111.97",50
Wooden Dining Table,$560.69,Best Seller,$560.69,62
King Size Bed Frame,$611.56,"Free shipping, Sale",$375.97,56
Wooden Dining Table,$816.84,New Arrival,$816.84,29
Glass Coffee Table,$138.14,Sale,$111.97,76
Glass Coffee Table,$711.95,,$711.95,37
Leather Recliner,$501.75,Sale,$333.89,36
Glass Coffee Table,$722.24,Sale,$510.45,54
Leather Recliner,$327.55,Best Seller,$327.55,83
Glass Coffee Table,"$1,792.00",,"$1,792.00",45
King Size Bed Frame,"$1,227.83",Best Seller,"$1,227.83",16
Leather Recliner,"$1,390.29",,"$1,390.29",42
Ergonomic Office Chair,"$1,599.43",,"$1,599.43",52
Bookshelf,"$1,047.04",,"$1,047.04",26
Modern Sofa,$265.15,Best Seller,$265.15,85
Glass Coffee Table,"$1,120.50",Free shipping,"$1,120.50",18
Wooden Dining Table,"$1,215.00",Free shipping,"$1,215.00",36
Glass Coffee Table,"$1,516.34",Free shipping,"$1,516.34",54
Wooden Dining Table,$920.15,Best Seller,$920.15,29
Bookshelf,$342.40,New Arrival,$342.40,47
Bookshelf,$639.17,Sale,$417.60,57
Bookshelf,$789.86,Free shipping,$789.86,13
Wooden Dining Table,"$1,327.24",,"$1,327.24",23
Glass Coffee Table,"$1,184.48",Free shipping,"$1,184.48",21
Bookshelf,$776.58,Sale,$588.90,47
King Size Bed Frame,"$1,974.38",Sale,"$1,255.61",13
Leather Recliner,"$1,250.97",New Arrival,"$1,250.97",26
Wooden Dining Table,$550.73,Free shipping,$550.73,29
Wooden Dining Table,$293.39,"Free shipping, Sale",$210.56,79
Glass Coffee Table,$390.43,New Arrival,$390.43,28
Wooden Dining Table,$567.32,Free shipping,$567.32,16
Wooden Dining Table,$405.29,New Arrival,$405.29,16
Bookshelf,$454.48,Best Seller,$454.48,49
Glass Coffee Table,$641.68,,$641.68,11
Bookshelf,$429.41,Free shipping,$429.41,28
Leather Recliner,"$1,803.85",New Arrival,"$1,803.85",36
Leather Recliner,$252.44,New Arrival,$252.44,41
Bookshelf,"$1,096.57",,"$1,096.57",20
Leather Recliner,$879.75,,$879.75,32
Glass Coffee Table,"$1,966.52",Free shipping,"$1,966.52",26
Modern Sofa,$312.87,Best Seller,$312.87,43
Bookshelf,$855.93,Free shipping,$855.93,21
King Size Bed Frame,"$1,941.99",Best Seller,"$1,941.99",54
King Size Bed Frame,"$1,744.46",,"$1,744.46",35
Wooden Dining Table,"$1,652.44",Free shipping,"$1,652.44",27
Leather Recliner,$590.02,"Free shipping, Sale",$383.13,37
King Size Bed Frame,$424.69,Sale,$380.35,25
Wooden Dining Table,"$1,370.42",,"$1,370.42",24
Modern Sofa,"$1,865.81",Best Seller,"$1,865.81",47
Glass Coffee Table,"$1,157.85",New Arrival,"$1,157.85",20
Glass Coffee Table,"$1,186.06",New Arrival,"$1,186.06",16
Glass Coffee Table,$631.96,Free shipping,$631.96,36
King Size Bed Frame,"$1,562.04",Sale,"$1,174.87",22
Modern Sofa,$455.38,,$455.38,40
King Size Bed Frame,$714.99,Best Seller,$714.99,32
Leather Recliner,$908.33,Sale,$655.32,44
King Size Bed Frame,"$1,064.46",Free shipping,"$1,064.46",17
Modern Sofa,$560.58,Best Seller,$560.58,37
Modern Sofa,$318.19,Free shipping,$318.19,43
Leather Recliner,"$1,260.18",Best Seller,"$1,260.18",54
Modern Sofa,$648.40,Best Seller,$648.40,48
Modern Sofa,"$1,204.35",Best Seller,"$1,204.35",47
Glass Coffee Table,$393.29,"Free shipping, Sale",$262.64,59
Leather Recliner,"$1,014.17",Sale,$677.59,23
Ergonomic Office Chair,"$1,111.92","Free shipping, Sale",$826.84,15
Ergonomic Office Chair,$198.46,Free shipping,$198.46,65
Modern Sofa,$739.55,Free shipping,$739.55,42
Ergonomic Office Chair,$355.39,Sale,$318.04,32
Ergonomic Office Chair,$220.41,Free shipping,$220.41,49
Modern Sofa,"$1,980.92",Best Seller,"$1,980.92",32
Ergonomic Office Chair,$712.47,Sale,$615.53,13
King Size Bed Frame,"$1,638.76",Free shipping,"$1,638.76",38
Wooden Dining Table,$583.82,Sale,$522.36,45
Leather Recliner,"$1,394.86",,"$1,394.86",36
Wooden Dining Table,"$1,544.43",,"$1,544.43",22
Modern Sofa,"$1,231.71",Best Seller,"$1,231.71",34
Glass Coffee Table,$995.99,,$995.99,7
Leather Recliner,$882.50,Free shipping,$882.50,16
Modern Sofa,$762.85,Best Seller,$762.85,26
Glass Coffee Table,"$1,866.11","Free shipping, Sale","$1,511.66",26
Wooden Dining Table,"$1,678.18",Best Seller,"$1,678.18",27
Modern Sofa,"$1,933.55",,"$1,933.55",12
Leather Recliner,$336.16,"Free shipping, Sale",$217.12,55
Leather Recliner,"$1,488.65",Free shipping,"$1,488.65",19
Bookshelf,"$1,882.85",Best Seller,"$1,882.85",30
King Size Bed Frame,$444.34,Best Seller,$444.34,52
Ergonomic Office Chair,$226.34,Free shipping,$226.34,78
Glass Coffee Table,"$1,508.13",Best Seller,"$1,508.13",23
Bookshelf,"$1,191.50",,"$1,191.50",10
Ergonomic Office Chair,"$1,699.47",Best Seller,"$1,699.47",21
Ergonomic Office Chair,$365.57,Sale,$321.81,44
Modern Sofa,"$1,611.01","Free shipping, Sale","$1,339.60",21
Ergonomic Office Chair,$483.09,,$483.09,47
King Size Bed Frame,$410.95,Sale,$310.17,25
Leather Recliner,$412.11,Free shipping,,45
Bookshelf,"$1,647.69",,"$1,248.71",52
Ergonomic Office Chair,"$1,363.87",Sale,"$1,203.82",24
Modern Sofa,"$1,093.82",Free shipping,"$1,093.82",55
King Size Bed Frame,$781.78,Best Seller,$781.78,54
Wooden Dining Table,"$1,766.68",New Arrival,"$1,766.68",37
Leather Recliner,$845.65,Free shipping,$845.65,56
Leather Recliner,"$1,651.54",Best Seller,"$1,651.54",23
Bookshelf,$934.36,Free shipping,$934.36,39
Leather Recliner,$816.19,Free shipping,,54
Ergonomic Office Chair,$979.09,,$979.09,10
Modern Sofa,$672.62,,$672.62,30
Leather Recliner,"$1,520.46",,"$1,520.46",28
Leather Recliner,"$1,055.17",Best Seller,"$1,055.17",29
Wooden Dining Table,$541.20,Free shipping,$541.20,35
Wooden Dining Table,"$1,809.19",Free shipping,"$1,809.19",5
Glass Coffee Table,$829.39,Best Seller,$829.39,23
King Size Bed Frame,"$1,132.75",Free shipping,"$1,132.75",33
Ergonomic Office Chair,"$1,822.30",,"$1,822.30",39
Leather Recliner,"$1,286.05",Best Seller,"$1,286.05",10
Leather Recliner,$322.11,Sale,$252.39,37
Modern Sofa,"$1,885.68",Free shipping,,18
Glass Coffee Table,"$1,292.65",Best Seller,"$1,292.65",46
King Size Bed Frame,$736.32,Free shipping,$736.32,41
Glass Coffee Table,$364.62,"Free shipping, Sale",$227.80,22
Bookshelf,"$1,608.65",,"$1,608.65",38
King Size Bed Frame,"$1,278.14","Free shipping, Sale",$970.11,12
Leather Recliner,"$1,113.58",Free shipping,"$1,113.58",49
Leather Recliner,"$1,798.40",Best Seller,"$1,798.40",41
King Size Bed Frame,"$1,598.33",Sale,"$1,408.67",49
Leather Recliner,$388.18,Free shipping,$388.18,28
Ergonomic Office Chair,$692.27,,$692.27,49
King Size Bed Frame,$572.13,Best Seller,$572.13,47
Glass Coffee Table,"$1,513.50",Free shipping,"$1,513.50",17
King Size Bed Frame,$163.71,Best Seller,$163.71,66
Leather Recliner,"$1,182.79",Free shipping,"$1,182.79",49
Ergonomic Office Chair,"$1,548.67",,"$1,548.67",32
Ergonomic Office Chair,"$1,765.85",Free shipping,"$1,765.85",27
Bookshelf,$749.96,Free shipping,$749.96,40
Glass Coffee Table,"$1,660.39",Free shipping,"$1,660.39",33
Wooden Dining Table,$310.20,Free shipping,$310.20,58
Wooden Dining Table,"$1,708.26",,"$1,708.26",33
King Size Bed Frame,$342.23,New Arrival,$342.23,30
Bookshelf,$854.85,"Free shipping, Sale",$651.48,23
Modern Sofa,"$1,614.86",,"$1,614.86",42
King Size Bed Frame,$384.84,Free shipping,$384.84,49
Bookshelf,$535.58,,$535.58,57
Glass Coffee Table,"$1,472.28",Free shipping,"$1,472.28",28
Glass Coffee Table,"$1,468.07",Free shipping,"$1,468.07",49
Glass Coffee Table,"$1,318.18",,"$1,318.18",29
Glass Coffee Table,"$1,418.50",Best Seller,"$1,418.50",32
Glass Coffee Table,"$1,131.18",New Arrival,"$1,131.18",35
Bookshelf,$578.42,Free shipping,$578.42,27
Bookshelf,$756.82,Sale,$501.06,53
Ergonomic Office Chair,$445.04,,$445.04,27
Wooden Dining Table,"$1,826.06",New Arrival,"$1,826.06",38
Leather Recliner,"$1,208.44",Sale,$739.34,32
Glass Coffee Table,$861.62,Sale,$724.55,13
Modern Sofa,$977.81,Best Seller,$977.81,47
Leather Recliner,"$1,899.84",Sale,"$1,142.86",11
Bookshelf,$391.37,Best Seller,$391.37,42
Modern Sofa,"$1,213.84",,"$1,213.84",44
Modern Sofa,"$1,061.19",Sale,$773.75,26
Modern Sofa,"$1,261.76",,"$1,261.76",21
Ergonomic Office Chair,$134.41,Best Seller,$134.41,109
Bookshelf,"$1,757.04",Best Seller,"$1,757.04",34
Modern Sofa,"$1,871.02",,"$1,871.02",36
Glass Coffee Table,"$1,173.75",Best Seller,"$1,173.75",54
King Size Bed Frame,"$1,423.64",Best Seller,"$1,423.64",18
Modern Sofa,"$1,852.75",Best Seller,"$1,852.75",37
Ergonomic Office Chair,"$1,443.75","Free shipping, Sale",$956.08,55
Leather Recliner,$389.82,,$389.82,60
Bookshelf,"$1,194.95",Free shipping,"$1,194.95",43
Ergonomic Office Chair,"$1,252.76",Free shipping,"$1,252.76",41
Modern Sofa,$905.85,Free shipping,$905.85,35
Bookshelf,"$1,499.24",,"$1,499.24",25
King Size Bed Frame,"$1,875.30",,"$1,875.30",20
Modern Sofa,"$1,858.58",Best Seller,"$1,858.58",17
Ergonomic Office Chair,$956.59,Best Seller,$956.59,26
Wooden Dining Table,$315.15,Best Seller,$315.15,63
Glass Coffee Table,"$1,971.20",,"$1,971.20",44
Leather Recliner,"$1,693.91",,"$1,693.91",38
Ergonomic Office Chair,$336.86,Free shipping,$336.86,51
Bookshelf,"$1,849.60",Best Seller,"$1,849.60",20
Modern Sofa,"$1,752.80",Best Seller,"$1,752.80",34
Glass Coffee Table,"$1,085.79","Free shipping, Sale",$725.87,57
Modern Sofa,"$1,223.42",Free shipping,"$1,223.42",47
Bookshelf,$858.11,,$858.11,30
Modern Sofa,$204.05,Sale,$183.09,60
Wooden Dining Table,$736.87,Free shipping,$736.87,10
Glass Coffee Table,"$1,625.42",Free shipping,"$1,625.42",24
Glass Coffee Table,$108.80,Best Seller,$108.80,81
Bookshelf,$733.65,Sale,$520.66,12
Leather Recliner,$856.52,,$856.52,26
Wooden Dining Table,"$1,121.05",Sale,$900.76,54
Ergonomic Office Chair,"$1,847.73",Sale,"$1,192.87",41
Modern Sofa,$758.06,Best Seller,$758.06,36
King Size Bed Frame,$759.21,"Free shipping, Sale",$661.56,35
Modern Sofa,"$1,501.25",,"$1,501.25",12
Modern Sofa,$959.21,Free shipping,$959.21,35
Ergonomic Office Chair,$526.75,"Free shipping, Sale",$398.08,18
Modern Sofa,$959.64,Sale,$672.96,12
Wooden Dining Table,$367.63,Sale,$317.80,40
Wooden Dining Table,$435.14,,$435.14,22
Glass Coffee Table,"$1,046.90",,"$1,046.90",40
Bookshelf,$895.96,,$895.96,22
Leather Recliner,"$1,838.21",Best Seller,,75
King Size Bed Frame,$788.55,Free shipping,$788.55,22
Modern Sofa,"$1,203.12",New Arrival,"$1,203.12",13
Modern Sofa,"$1,301.30",Free shipping,"$1,301.30",40
Ergonomic Office Chair,$124.88,Free shipping,$124.88,57
Bookshelf,"$1,360.72",Free shipping,"$1,360.72",39
Wooden Dining Table,$438.27,Free shipping,$438.27,25
King Size Bed Frame,"$1,926.03",Sale,"$1,183.97",46
Glass Coffee Table,$382.46,New Arrival,$382.46,24
Wooden Dining Table,$887.79,Free shipping,$887.79,10
Bookshelf,$262.16,Best Seller,$262.16,71
Leather Recliner,"$1,994.06",Best Seller,"$1,994.06",20
Glass Coffee Table,"$1,054.17",New Arrival,"$1,054.17",31
Leather Recliner,"$1,231.23",Sale,$975.66,14
Ergonomic Office Chair,$227.45,Free shipping,$227.45,65
Ergonomic Office Chair,"$1,524.92",,"$1,524.92",27
Modern Sofa,$498.82,New Arrival,$498.82,30
Leather Recliner,"$1,806.30",,"$1,806.30",11
Bookshelf,$489.77,New Arrival,$489.77,52
King Size Bed Frame,$462.31,Free shipping,$462.31,28
Glass Coffee Table,$169.44,,$169.44,36
Wooden Dining Table,$996.93,Free shipping,$996.93,55
Bookshelf,"$1,173.20",,"$1,173.20",25
Bookshelf,$224.85,,$224.85,36
Ergonomic Office Chair,"$1,573.50",,"$1,573.50",46
Leather Recliner,$961.25,,$961.25,36
Modern Sofa,"$1,096.34",Best Seller,"$1,096.34",59
Modern Sofa,$937.45,Sale,$680.13,28
Glass Coffee Table,$861.45,"Free shipping, Sale",$662.47,20
Ergonomic Office Chair,"$1,163.32",New Arrival,"$1,163.32",7
Bookshelf,$394.96,Best Seller,$394.96,34
King Size Bed Frame,$445.66,Best Seller,$445.66,51
Ergonomic Office Chair,"$1,737.39",Best Seller,"$1,737.39",19
Glass Coffee Table,"$1,897.62",,"$1,897.62",9
Glass Coffee Table,$809.29,,$809.29,13
Ergonomic Office Chair,$614.41,Free shipping,$614.41,47
Glass Coffee Table,"$1,323.60",Sale,$836.82,41
Ergonomic Office Chair,$876.59,,$876.59,26
Wooden Dining Table,$148.23,,$148.23,42
Ergonomic Office Chair,$396.69,Sale,$300.33,44
Leather Recliner,"$1,460.35",Sale,"$1,096.34",12
Ergonomic Office Chair,"$1,351.96",Sale,"$1,133.74",52
Glass Coffee Table,$151.48,Free shipping,$151.48,56
Leather Recliner,$521.75,Sale,$440.44,54
Glass Coffee Table,$539.04,,$539.04,36
Modern Sofa,"$1,376.60",New Arrival,"$1,376.60",35
Modern Sofa,$137.45,Sale,$115.17,37
Leather Recliner,$297.81,,$297.81,34
Wooden Dining Table,"$1,619.84",Best Seller,,32
Modern Sofa,$439.23,Free shipping,$439.23,14
Ergonomic Office Chair,"$1,340.22",Best Seller,"$1,340.22",18
Glass Coffee Table,$552.55,Free shipping,$552.55,48
Modern Sofa,$288.94,,$288.94,23
Modern Sofa,$562.03,"Free shipping, Sale",$364.90,61
Wooden Dining Table,"$1,472.31",Best Seller,"$1,472.31",9
Leather Recliner,"$1,725.82",Free shipping,"$1,725.82",5
Leather Recliner,"$1,677.42",,"$1,677.42",16
Bookshelf,$854.65,Free shipping,$854.65,31
Wooden Dining Table,"$1,369.36",Sale,"$1,170.15",31
Ergonomic Office Chair,$489.47,,$489.47,26
Leather Recliner,$656.98,Sale,$485.03,41
Glass Coffee Table,"$1,803.04",Best Seller,"$1,803.04",12
Wooden Dining Table,$124.70,Free shipping,$124.70,72
Modern Sofa,$262.47,,$262.47,42
Glass Coffee Table,$494.98,Sale,$426.50,23
Glass Coffee Table,$150.41,Best Seller,$150.41,115
Modern Sofa,$444.73,,$444.73,40
Wooden Dining Table,"$1,207.78",Best Seller,"$1,207.78",25
Modern Sofa,$900.71,,$900.71,36
Bookshelf,"$1,796.08",Free shipping,"$1,796.08",49
Glass Coffee Table,"$1,653.14","Free shipping, Sale","$1,005.24",13
King Size Bed Frame,$749.45,Free shipping,$749.45,32
King Size Bed Frame,$592.90,Free shipping,,18
Ergonomic Office Chair,$821.42,Best Seller,$821.42,39
Leather Recliner,"$1,221.56",Free shipping,"$1,221.56",23
Modern Sofa,$609.32,New Arrival,$609.32,29
Modern Sofa,"$1,285.88","Free shipping, Sale",$875.94,44
Ergonomic Office Chair,$877.88,Free shipping,$877.88,30
Ergonomic Office Chair,"$1,148.89",Free shipping,"$1,148.89",42
Ergonomic Office Chair,$928.64,,$928.64,37
Glass Coffee Table,$659.48,New Arrival,$659.48,47
Bookshelf,"$1,902.06",Sale,"$1,227.73",49
Modern Sofa,"$1,550.85",Free shipping,"$1,550.85",18
Glass Coffee Table,$366.22,Free shipping,$366.22,25
Ergonomic Office Chair,"$1,750.09",,"$1,750.09",23
Modern Sofa,"$1,026.12",Best Seller,"$1,026.12",34
Glass Coffee Table,"$1,799.65",Sale,"$1,178.71",4
Bookshelf,"$1,619.72",Free shipping,"$1,619.72",21
Glass Coffee Table,$907.91,,$907.91,47
Bookshelf,$142.69,Best Seller,$142.69,65
Ergonomic Office Chair,$610.49,Sale,$401.70,52
Bookshelf,"$1,129.11",Free shipping,"$1,129.11",34
Modern Sofa,"$1,303.61",Sale,$878.27,45
Ergonomic Office Chair,$589.99,Best Seller,$589.99,24
Modern Sofa,$364.78,,$263.66,38
King Size Bed Frame,"$1,686.37",Sale,"$1,183.32",24
Wooden Dining Table,"$1,970.36",Sale,"$1,726.95",35
Bookshelf,"$1,098.81",Sale,$809.44,16
Wooden Dining Table,$426.19,,$426.19,33
Wooden Dining Table,$617.38,,$617.38,47
Bookshelf,$134.94,Free shipping,$134.94,69
Ergonomic Office Chair,"$1,837.17",,"$1,837.17",31
King Size Bed Frame,$323.73,Free shipping,$323.73,61
Modern Sofa,"$1,195.38",Best Seller,"$1,195.38",35
Glass Coffee Table,$620.70,Best Seller,$620.70,33
Modern Sofa,"$1,152.94",Free shipping,"$1,152.94",19
Glass Coffee Table,"$1,337.70",,"$1,337.70",20
Modern Sofa,"$1,676.51",,"$1,676.51",30
Bookshelf,$492.20,,$492.20,34
King Size Bed Frame,$120.89,Sale,$105.08,36
Glass Coffee Table,$360.08,Free shipping,$360.08,59
Leather Recliner,"$1,810.04",Best Seller,"$1,810.04",50
Ergonomic Office Chair,"$1,760.39",Free shipping,"$1,760.39",10
Modern Sofa,"$1,235.08",Free shipping,"$1,235.08",8
Modern Sofa,"$1,240.98",Best Seller,"$1,240.98",37
Glass Coffee Table,"$1,363.57",Free shipping,"$1,363.57",41
Ergonomic Office Chair,$433.21,Sale,$297.05,18
Ergonomic Office Chair,"$1,837.38",,"$1,837.38",34
Bookshelf,$895.66,"Free shipping, Sale",$558.63,58
Leather Recliner,$827.96,New Arrival,$827.96,38
Bookshelf,"$1,085.94",Sale,$739.86,35
Bookshelf,$189.24,Free shipping,$189.24,38
Bookshelf,$415.94,Sale,$340.15,53
Bookshelf,"$1,502.26",,"$1,502.26",49
Bookshelf,$257.32,Best Seller,$257.32,63
King Size Bed Frame,"$1,245.99",Free shipping,,51
Ergonomic Office Chair,$566.16,,$566.16,40
Bookshelf,$839.66,Free shipping,$839.66,14
Ergonomic Office Chair,$648.52,Sale,,47
Ergonomic Office Chair,$775.78,Sale,$535.01,35
Wooden Dining Table,"$1,466.19",Best Seller,"$1,466.19",47
King Size Bed Frame,$664.53,Free shipping,$664.53,48
Bookshelf,"$1,176.17",Free shipping,,42
Modern Sofa,"$1,004.50",Best Seller,"$1,004.50",25
Glass Coffee Table,"$1,360.98",Best Seller,"$1,360.98",57
Leather Recliner,"$1,879.98",,"$1,879.98",39
Modern Sofa,"$1,491.89",Free shipping,"$1,491.89",7
King Size Bed Frame,$508.39,Sale,$345.53,52
Glass Coffee Table,$159.25,Free shipping,$159.25,52
King Size Bed Frame,$598.30,New Arrival,$598.30,49
Ergonomic Office Chair,"$1,230.65",Free shipping,"$1,230.65",51
Glass Coffee Table,$197.71,Free shipping,$197.71,56
Ergonomic Office Chair,"$1,043.10",New Arrival,"$1,043.10",10
Modern Sofa,"$1,234.00",,"$1,234.00",40
Modern Sofa,$735.06,Best Seller,$735.06,45
Glass Coffee Table,"$1,564.73",,"$1,564.73",7
Glass Coffee Table,$302.54,Free shipping,$302.54,26
Bookshelf,$242.76,,$242.76,57
King Size Bed Frame,"$1,483.56",Best Seller,"$1,483.56",38
Bookshelf,"$1,041.43",Best Seller,"$1,041.43",59
King Size Bed Frame,"$1,407.96",,"$1,407.96",44
Bookshelf,$926.17,Free shipping,$926.17,27
Ergonomic Office Chair,$568.16,Free shipping,$568.16,29
Glass Coffee Table,"$1,656.29",,"$1,656.29",49
Modern Sofa,"$1,618.89",,"$1,618.89",12
King Size Bed Frame,"$1,419.92",Best Seller,"$1,419.92",47
King Size Bed Frame,$617.08,Sale,$453.05,13
Modern Sofa,"$1,221.44",Best Seller,"$1,221.44",30
Bookshelf,$785.85,,$785.85,13
King Size Bed Frame,$274.01,,$274.01,40
Leather Recliner,"$1,842.90","Free shipping, Sale","$1,571.65",10
Ergonomic Office Chair,$359.96,Best Seller,$359.96,73
Glass Coffee Table,"$1,905.45",Best Seller,"$1,905.45",40
Modern Sofa,$947.41,Free shipping,$947.41,49
Glass Coffee Table,$451.75,Free shipping,$451.75,32
Leather Recliner,"$1,129.61",Free shipping,"$1,129.61",13
King Size Bed Frame,"$1,758.60",New Arrival,"$1,758.60",49
King Size Bed Frame,"$1,491.23",Free shipping,"$1,491.23",22
Leather Recliner,"$1,632.47",Free shipping,"$1,632.47",44
Modern Sofa,"$1,351.69",,"$1,351.69",50
Ergonomic Office Chair,"$1,415.33",Free shipping,"$1,415.33",48
Wooden Dining Table,"$1,713.47",,"$1,713.47",43
Modern Sofa,$574.37,Best Seller,$574.37,43
Wooden Dining Table,"$1,029.91",Free shipping,"$1,029.91",19
Leather Recliner,$520.30,Best Seller,$520.30,63
Bookshelf,"$1,976.57",Best Seller,"$1,976.57",30
Wooden Dining Table,"$1,893.71",New Arrival,"$1,893.71",20
Ergonomic Office Chair,$174.91,Best Seller,$174.91,86
Bookshelf,"$1,440.59",Sale,"$1,028.02",18
Wooden Dining Table,"$1,857.97",Free shipping,"$1,857.97",19
Leather Recliner,$443.09,Free shipping,$443.09,40
Bookshelf,"$1,179.10",New Arrival,"$1,179.10",42
Leather Recliner,"$1,839.43",Best Seller,"$1,839.43",15
Wooden Dining Table,$164.50,,$164.50,30
Leather Recliner,"$1,425.10","Free shipping, Sale","$1,160.42",23
Ergonomic Office Chair,$664.96,,$512.13,36
Wooden Dining Table,"$1,856.35",New Arrival,"$1,856.35",22
Wooden Dining Table,"$1,945.01",Best Seller,"$1,945.01",52
Wooden Dining Table,"$1,894.11",Free shipping,"$1,894.11",16
Modern Sofa,"$1,001.01",Free shipping,"$1,001.01",39
Modern Sofa,"$1,737.88",,"$1,737.88",49
Modern Sofa,"$1,704.64","Free shipping, Sale","$1,206.00",15
Ergonomic Office Chair,$706.29,Free shipping,$706.29,28
Bookshelf,"$1,674.94",,"$1,674.94",31
Leather Recliner,$170.31,Best Seller,$170.31,85
King Size Bed Frame,"$1,232.91",Sale,$954.89,6
Wooden Dining Table,$537.02,Free shipping,$537.02,50
Leather Recliner,$329.08,"Free shipping, Sale",$286.16,61
Wooden Dining Table,$246.21,,$201.07,34
Ergonomic Office Chair,"$1,422.95",Free shipping,"$1,422.95",14
Wooden Dining Table,$745.76,Best Seller,$745.76,65
Modern Sofa,"$1,477.06",Best Seller,"$1,477.06",7
King Size Bed Frame,$224.18,Free shipping,$224.18,35
Glass Coffee Table,$699.05,Free shipping,$699.05,14
Wooden Dining Table,"$1,125.03",New Arrival,"$1,125.03",46
Leather Recliner,"$1,602.37",Sale,$975.52,43
Modern Sofa,$705.63,Sale,$611.08,49
Glass Coffee Table,"$1,289.19",Best Seller,"$1,289.19",36
King Size Bed Frame,"$1,783.36",New Arrival,"$1,783.36",31
Glass Coffee Table,"$1,270.14",,"$1,270.14",4
Modern Sofa,$542.62,Best Seller,$542.62,28
Bookshelf,$146.36,,$146.36,73
Bookshelf,"$1,753.19",Sale,"$1,368.74",4
Glass Coffee Table,$140.41,Best Seller,,49
Ergonomic Office Chair,"$1,761.93",Free shipping,"$1,761.93",35
Leather Recliner,"$1,104.98",Free shipping,"$1,104.98",16
Leather Recliner,"$1,884.23",Best Seller,"$1,884.23",40
Glass Coffee Table,"$1,617.69",New Arrival,"$1,617.69",46
Wooden Dining Table,"$1,996.07",,"$1,996.07",9
Wooden Dining Table,$766.35,,$766.35,41
Leather Recliner,"$1,557.66",Free shipping,"$1,557.66",36
Leather Recliner,$863.67,Free shipping,$863.67,53
Bookshelf,"$1,011.76",,"$1,011.76",9
Ergonomic Office Chair,"$1,292.26",Sale,$794.19,49
Modern Sofa,"$1,759.99",Best Seller,"$1,759.99",46
Wooden Dining Table,"$1,969.76",Sale,"$1,718.38",47
Leather Recliner,"$1,559.72",,"$1,559.72",20
Bookshelf,$893.76,Free shipping,$893.76,39
King Size Bed Frame,$900.58,Best Seller,$900.58,38
Bookshelf,"$1,501.41",,"$1,501.41",2
Wooden Dining Table,$553.68,Free shipping,$553.68,55
Wooden Dining Table,$309.90,Free shipping,$309.90,48
Bookshelf,$773.78,Best Seller,$773.78,53
Modern Sofa,$645.75,Free shipping,$645.75,41
Glass Coffee Table,$662.99,,$662.99,11
Wooden Dining Table,$543.85,Sale,$389.94,28
Bookshelf,$179.98,Free shipping,$179.98,37
Leather Recliner,$133.96,New Arrival,$133.96,71
Bookshelf,"$1,976.67",New Arrival,"$1,976.67",35
Ergonomic Office Chair,$912.77,New Arrival,$912.77,13
Glass Coffee Table,$830.22,Free shipping,$830.22,31
King Size Bed Frame,"$1,391.33",Free shipping,"$1,391.33",39
Modern Sofa,$514.68,"Free shipping, Sale",$439.31,67
King Size Bed Frame,"$1,904.93",,"$1,904.93",8
Glass Coffee Table,"$1,594.06",Best Seller,"$1,594.06",22
Glass Coffee Table,$269.88,Best Seller,$269.88,59
Glass Coffee Table,$893.40,Free shipping,$893.40,58
King Size Bed Frame,"$1,770.32",New Arrival,"$1,770.32",26
Leather Recliner,"$1,894.99",Sale,"$1,306.90",6
Glass Coffee Table,$988.06,Free shipping,$988.06,52
Bookshelf,"$1,265.48",Best Seller,"$1,265.48",31
King Size Bed Frame,$417.36,,$417.36,43
Glass Coffee Table,"$1,983.22",,"$1,983.22",47
Bookshelf,$540.18,Free shipping,$540.18,34
Leather Recliner,"$1,891.19",,"$1,891.19",12
Ergonomic Office Chair,"$1,334.33","Free shipping, Sale",$817.58,55
Leather Recliner,"$1,254.70",Free shipping,"$1,254.70",13
Glass Coffee Table,"$1,074.11",Sale,$696.09,44
King Size Bed Frame,$538.27,Free shipping,$538.27,52
Wooden Dining Table,$435.40,,$435.40,43
Glass Coffee Table,$518.92,Sale,$314.93,61
Wooden Dining Table,$454.23,Sale,$394.92,55
Bookshelf,"$1,581.21",,"$1,581.21",39
Ergonomic Office Chair,$765.24,Free shipping,$765.24,16
Modern Sofa,$209.90,New Arrival,$209.90,53
Leather Recliner,"$1,941.29",Sale,"$1,311.32",29
Ergonomic Office Chair,"$1,779.19",Best Seller,"$1,779.19",33
Glass Coffee Table,"$1,862.73",,"$1,862.73",41
Wooden Dining Table,"$1,990.32",,"$1,990.32",35
Leather Recliner,$430.40,Free shipping,$430.40,48
Wooden Dining Table,$852.86,New Arrival,$852.86,19
King Size Bed Frame,"$1,540.65",New Arrival,"$1,540.65",45
Wooden Dining Table,"$1,422.44",Free shipping,"$1,422.44",21
King Size Bed Frame,$392.40,"Free shipping, Sale",$280.96,57
Bookshelf,"$1,650.08",Best Seller,"$1,650.08",54
Leather Recliner,$526.44,Free shipping,$526.44,56
Leather Recliner,$525.25,Best Seller,$525.25,37
Modern Sofa,"$1,120.25",New Arrival,"$1,120.25",32
Glass Coffee Table,"$1,226.59",,"$1,226.59",12
King Size Bed Frame,"$1,202.16",Best Seller,"$1,202.16",42
Modern Sofa,$273.82,Free shipping,$273.82,70
Wooden Dining Table,"$1,767.18",Sale,"$1,583.17",31
Wooden Dining Table,$604.64,Best Seller,$604.64,27
Modern Sofa,$346.08,New Arrival,$346.08,33
Leather Recliner,"$1,788.62",,"$1,788.62",22
Wooden Dining Table,"$1,915.74",Sale,"$1,581.89",6
Bookshelf,"$1,738.04","Free shipping, Sale","$1,531.64",13
Bookshelf,"$1,638.08",Free shipping,"$1,638.08",9
Modern Sofa,"$1,344.96","Free shipping, Sale",$914.81,18
King Size Bed Frame,"$1,146.63",,,9
King Size Bed Frame,$265.27,Sale,$185.20,42
Modern Sofa,$876.06,Best Seller,$876.06,57
King Size Bed Frame,$808.11,New Arrival,$808.11,49
Leather Recliner,$593.53,Free shipping,$593.53,17
Leather Recliner,"$1,474.50",Best Seller,"$1,474.50",18
King Size Bed Frame,"$1,042.16",Best Seller,"$1,042.16",19
Bookshelf,$253.99,Sale,$157.52,71
King Size Bed Frame,$518.35,Sale,$381.88,49
Leather Recliner,"$1,398.19",,"$1,398.19",5
Ergonomic Office Chair,$244.65,New Arrival,$244.65,29
Glass Coffee Table,"$1,717.29",Best Seller,"$1,717.29",19
Wooden Dining Table,"$1,040.78",,"$1,040.78",13
Ergonomic Office Chair,"$1,013.11",Best Seller,"$1,013.11",33
King Size Bed Frame,"$1,225.57",New Arrival,"$1,225.57",51
Bookshelf,"$1,666.89",,"$1,666.89",50
Modern Sofa,$760.84,Sale,$474.59,32
King Size Bed Frame,"$1,388.23",,"$1,388.23",12
Bookshelf,"$1,174.89",Free shipping,"$1,174.89",40
Glass Coffee Table,$607.35,Free shipping,$607.35,48
King Size Bed Frame,"$1,769.40",,"$1,769.40",28
Leather Recliner,"$1,615.11",Free shipping,"$1,615.11",17
Modern Sofa,"$1,351.06",Free shipping,"$1,351.06",44
Bookshelf,"$1,716.11",Free shipping,"$1,716.11",43
Bookshelf,"$1,747.86",,"$1,747.86",2
Bookshelf,"$1,445.89",Free shipping,"$1,445.89",8
Glass Coffee Table,"$1,690.33",Best Seller,"$1,690.33",35
King Size Bed Frame,"$1,425.20",,"$1,425.20",14
Glass Coffee Table,"$1,392.27",,"$1,392.27",37
Wooden Dining Table,"$1,275.36",Best Seller,"$1,275.36",23
Wooden Dining Table,"$1,530.16",Free shipping,"$1,530.16",34
King Size Bed Frame,$401.35,Best Seller,$401.35,62
Leather Recliner,"$1,773.65",Free shipping,"$1,773.65",46
Glass Coffee Table,"$1,756.50",Free shipping,"$1,756.50",25
Modern Sofa,$155.57,,$155.57,29
Bookshelf,"$1,669.05",,"$1,669.05",18
Bookshelf,$344.85,Sale,$308.10,21
King Size Bed Frame,$736.73,Free shipping,$736.73,32
Leather Recliner,"$1,512.67",,"$1,512.67",31
Wooden Dining Table,$405.44,Free shipping,$405.44,23
Wooden Dining Table,"$1,654.14","Free shipping, Sale","$1,245.02",38
Bookshelf,"$1,681.05",Sale,"$1,045.39",32
King Size Bed Frame,"$1,064.19",Best Seller,"$1,064.19",49
Glass Coffee Table,$112.13,,$112.13,37
Wooden Dining Table,$645.37,Free shipping,$645.37,17
Glass Coffee Table,"$1,272.16",,"$1,272.16",42
Leather Recliner,"$1,964.25",Best Seller,"$1,964.25",48
Wooden Dining Table,"$1,300.45",Best Seller,"$1,300.45",56
Wooden Dining Table,$593.63,New Arrival,$593.63,31
Ergonomic Office Chair,"$1,304.61",Free shipping,"$1,304.61",44
Wooden Dining Table,"$1,125.97",,"$1,125.97",12
Modern Sofa,"$1,581.71",Free shipping,"$1,581.71",44
King Size Bed Frame,$303.26,Sale,$192.72,53
King Size Bed Frame,"$1,545.95",,"$1,545.95",46
Glass Coffee Table,"$1,128.41",Sale,$783.63,17
Leather Recliner,"$1,929.68",Free shipping,"$1,929.68",38
Wooden Dining Table,$749.56,,$749.56,31
Modern Sofa,"$1,301.98",Best Seller,"$1,301.98",32
Glass Coffee Table,"$1,870.85",Free shipping,"$1,870.85",46
Ergonomic Office Chair,$294.77,,$294.77,30
Glass Coffee Table,"$1,880.73",New Arrival,"$1,880.73",3
Glass Coffee Table,"$1,406.98",New Arrival,"$1,406.98",16
Wooden Dining Table,$228.89,,$228.89,46
Ergonomic Office Chair,$671.83,,$671.83,34
Glass Coffee Table,"$1,445.53",,"$1,445.53",52
Modern Sofa,$227.97,Free shipping,$227.97,55
Modern Sofa,"$1,206.12",New Arrival,"$1,206.12",30
King Size Bed Frame,$757.18,,,23
Ergonomic Office Chair,"$1,279.74",Sale,"$1,026.32",34
Ergonomic Office Chair,$186.91,Best Seller,$186.91,87
King Size Bed Frame,"$1,755.92",Free shipping,"$1,755.92",17
Glass Coffee Table,"$1,949.63",Free shipping,"$1,949.63",35
Ergonomic Office Chair,"$1,940.87",New Arrival,"$1,940.87",21
Modern Sofa,"$1,524.34",Sale,"$1,325.00",44
Modern Sofa,$347.16,Free shipping,$347.16,32
Wooden Dining Table,"$1,540.70","Free shipping, Sale","$1,130.86",43
Ergonomic Office Chair,$146.72,Best Seller,$146.72,70
Glass Coffee Table,$142.03,Free shipping,$142.03,60
King Size Bed Frame,$714.86,Best Seller,$714.86,20
King Size Bed Frame,"$1,028.42",,,40
Glass Coffee Table,"$1,563.77",New Arrival,"$1,563.77",50
Leather Recliner,"$1,398.26",Free shipping,"$1,398.26",17
Bookshelf,$947.22,New Arrival,$947.22,30
Wooden Dining Table,$619.89,Free shipping,$619.89,36
King Size Bed Frame,"$1,994.54",New Arrival,"$1,994.54",14
Ergonomic Office Chair,$909.74,,$909.74,24
Wooden Dining Table,$957.64,,$957.64,49
Ergonomic Office Chair,$410.89,Best Seller,$410.89,53
Leather Recliner,"$1,610.14","Free shipping, Sale","$1,113.92",41
Modern Sofa,"$1,418.00",,"$1,418.00",50
Wooden Dining Table,$519.46,Free shipping,$519.46,56
King Size Bed Frame,$256.52,,$256.52,22
Wooden Dining Table,"$1,392.95",Free shipping,"$1,392.95",16
Wooden Dining Table,"$1,343.57",New Arrival,"$1,343.57",31
Wooden Dining Table,$619.19,Best Seller,$619.19,60
Bookshelf,"$1,906.64",,"$1,906.64",26
Wooden Dining Table,$387.01,Sale,$329.57,47
Ergonomic Office Chair,$921.44,Best Seller,$921.44,56
Modern Sofa,"$1,892.87",Free shipping,"$1,892.87",42
Leather Recliner,$897.48,Best Seller,$897.48,19
Glass Coffee Table,"$1,313.20",Free shipping,"$1,313.20",41
Wooden Dining Table,$855.43,Free shipping,$855.43,38
King Size Bed Frame,$621.01,Sale,$492.91,10
Wooden Dining Table,"$1,969.56",Free shipping,"$1,969.56",47
King Size Bed Frame,$877.73,Free shipping,$877.73,46
Ergonomic Office Chair,"$1,798.79",,"$1,798.79",39
King Size Bed Frame,$536.91,Best Seller,$536.91,66
Glass Coffee Table,$504.90,New Arrival,$504.90,28
Modern Sofa,$159.15,New Arrival,$159.15,31
King Size Bed Frame,"$1,338.17",,"$1,338.17",20
King Size Bed Frame,$800.20,Sale,$663.96,32
Modern Sofa,"$1,742.28",New Arrival,"$1,742.28",34
Glass Coffee Table,$999.10,Best Seller,$999.10,57
Wooden Dining Table,"$1,939.57",Best Seller,"$1,939.57",21
King Size Bed Frame,$452.50,Free shipping,$452.50,53
Modern Sofa,"$1,750.38",,"$1,750.38",14
Ergonomic Office Chair,"$1,575.53",Best Seller,"$1,575.53",55
Modern Sofa,"$1,564.75",Sale,"$1,154.36",49
Ergonomic Office Chair,"$1,705.09","Free shipping, Sale","$1,178.34",32
Glass Coffee Table,"$1,545.95",New Arrival,"$1,545.95",50
Wooden Dining Table,"$1,289.82",Sale,"$1,094.40",10
Modern Sofa,$349.37,Best Seller,$349.37,51
Leather Recliner,$161.80,,$161.80,61
Leather Recliner,"$1,849.61",Sale,"$1,181.61",51
Bookshelf,"$1,271.64",Best Seller,"$1,271.64",38
King Size Bed Frame,"$1,613.42",Best Seller,"$1,613.42",57
Glass Coffee Table,"$1,014.89",New Arrival,"$1,014.89",24
Modern Sofa,$322.89,,$322.89,29
Leather Recliner,$337.85,,$337.85,27
King Size Bed Frame,"$1,402.57",New Arrival,"$1,402.57",17
Leather Recliner,$917.58,Sale,$786.50,24
Modern Sofa,$481.00,Sale,$333.03,20
Ergonomic Office Chair,"$1,034.03",Free shipping,"$1,034.03",44
Modern Sofa,$222.00,,$222.00,57
Bookshelf,"$1,205.75",Free shipping,"$1,205.75",34
Modern Sofa,$611.09,,$611.09,48
Modern Sofa,"$1,615.36",Sale,,42
Bookshelf,$689.69,New Arrival,$689.69,32
Glass Coffee Table,$964.92,Free shipping,$964.92,38
Modern Sofa,$122.08,Sale,$80.84,77
Bookshelf,$237.65,Sale,$208.96,31
King Size Bed Frame,$845.74,Sale,$640.84,22
Ergonomic Office Chair,"$1,011.88",,"$1,011.88",19
Ergonomic Office Chair,"$1,240.04",Free shipping,"$1,240.04",12
Modern Sofa,$654.16,Sale,$453.60,48
Glass Coffee Table,"$1,420.47",Best Seller,"$1,420.47",48
Glass Coffee Table,"$1,734.23",Free shipping,"$1,734.23",51
King Size Bed Frame,"$1,581.72",Free shipping,"$1,581.72",15
Modern Sofa,$175.28,,$175.28,50
Ergonomic Office Chair,"$1,012.96","Free shipping, Sale",$657.58,34
Glass Coffee Table,$299.37,Sale,$195.66,61
Modern Sofa,$559.89,,$559.89,24
Leather Recliner,"$1,974.66",Sale,,21
Glass Coffee Table,$370.74,Sale,$296.56,46
Bookshelf,"$1,047.89",Best Seller,"$1,047.89",16
Leather Recliner,"$1,274.50",Free shipping,"$1,274.50",49
Glass Coffee Table,"$1,434.68",Free shipping,"$1,434.68",46
Ergonomic Office Chair,"$1,163.33",Free shipping,"$1,163.33",40
Wooden Dining Table,$118.56,Best Seller,$118.56,99
Leather Recliner,$720.28,Best Seller,$720.28,50
King Size Bed Frame,"$1,083.65",Free shipping,"$1,083.65",11
King Size Bed Frame,$266.95,"Free shipping, Sale",$209.19,47
Ergonomic Office Chair,$766.19,Free shipping,$766.19,25
Glass Coffee Table,$163.09,Free shipping,$163.09,39
Modern Sofa,$249.30,Best Seller,$249.30,64
Glass Coffee Table,$854.15,Sale,$751.58,37
Ergonomic Office Chair,$352.16,Free shipping,$352.16,47
King Size Bed Frame,"$1,178.33",Free shipping,"$1,178.33",26
Glass Coffee Table,"$1,409.98",Sale,"$1,039.82",34
King Size Bed Frame,"$1,621.11",Best Seller,"$1,621.11",49
Leather Recliner,$480.29,Best Seller,$480.29,33
Modern Sofa,$418.22,Free shipping,$418.22,25
Leather Recliner,$298.68,Best Seller,$298.68,68
King Size Bed Frame,"$1,309.22",Best Seller,"$1,309.22",13
King Size Bed Frame,"$1,442.30",Free shipping,"$1,442.30",24
Wooden Dining Table,$160.01,,$160.01,24
Wooden Dining Table,"$1,878.80",Sale,"$1,128.87",26
Leather Recliner,$198.75,Sale,$145.54,37
Bookshelf,"$1,128.46",Free shipping,"$1,128.46",33
Leather Recliner,"$1,447.21",New Arrival,"$1,447.21",18
Wooden Dining Table,"$1,754.84",Free shipping,"$1,754.84",49
King Size Bed Frame,"$1,456.77",Best Seller,"$1,456.77",30
Ergonomic Office Chair,"$1,623.28",Sale,"$1,427.49",10
Leather Recliner,$744.96,Best Seller,$744.96,33
King Size Bed Frame,"$1,648.17",Free shipping,"$1,648.17",16
Ergonomic Office Chair,$252.22,Sale,$172.31,58
Ergonomic Office Chair,"$1,800.15",New Arrival,"$1,800.15",38
Wooden Dining Table,"$1,140.43",Free shipping,"$1,140.43",54
Leather Recliner,"$1,652.87",,"$1,652.87",35
Glass Coffee Table,$959.40,"Free shipping, Sale",$800.81,18
Modern Sofa,"$1,322.80",Best Seller,"$1,322.80",49
Wooden Dining Table,"$1,100.17",Free shipping,"$1,100.17",37
Wooden Dining Table,"$1,490.02",Free shipping,"$1,490.02",34
Glass Coffee Table,$255.10,Free shipping,$255.10,68
Modern Sofa,$214.67,Free shipping,$214.67,57
King Size Bed Frame,$569.50,New Arrival,$569.50,55
Bookshelf,$403.13,,$403.13,15
Leather Recliner,"$1,756.39",Sale,"$1,176.86",52
Bookshelf,$516.51,Free shipping,$516.51,36
King Size Bed Frame,"$1,954.14",,"$1,954.14",47
Wooden Dining Table,$740.10,"Free shipping, Sale",$499.18,20
Modern Sofa,$446.02,,$446.02,34
Wooden Dining Table,"$1,600.43",Best Seller,"$1,600.43",10
Ergonomic Office Chair,"$1,351.54",Sale,"$1,159.49",41
Wooden Dining Table,"$1,046.57",Best Seller,"$1,046.57",30
Wooden Dining Table,"$1,155.19",Free shipping,"$1,155.19",38
King Size Bed Frame,"$1,466.48",Best Seller,"$1,466.48",54
King Size Bed Frame,$534.06,Sale,$453.44,52
King Size Bed Frame,"$1,993.03",,"$1,993.03",45
Bookshelf,"$1,952.11",Best Seller,"$1,952.11",35
Ergonomic Office Chair,"$1,335.62",Free shipping,"$1,335.62",22
King Size Bed Frame,$479.13,Free shipping,$479.13,25
Modern Sofa,"$1,392.43",Free shipping,"$1,392.43",38
Bookshelf,$237.18,Best Seller,$237.18,65
Glass Coffee Table,$158.24,Free shipping,$158.24,55
Modern Sofa,$589.60,,$589.60,53
Leather Recliner,$978.98,Best Seller,$978.98,57
Leather Recliner,"$1,749.72",Best Seller,"$1,749.72",33
Modern Sofa,"$1,481.62",Free shipping,"$1,481.62",52
King Size Bed Frame,"$1,511.14",New Arrival,"$1,511.14",38
Glass Coffee Table,$908.44,,$908.44,26
Glass Coffee Table,$757.28,,$757.28,37
Bookshelf,$804.97,Free shipping,$804.97,19
Glass Coffee Table,"$1,976.53",Sale,"$1,592.79",12
Leather Recliner,$176.21,Best Seller,$176.21,95
Ergonomic Office Chair,"$1,747.36",Sale,"$1,459.96",8
King Size Bed Frame,"$1,199.48",New Arrival,"$1,199.48",43
Glass Coffee Table,$933.37,Sale,$585.83,53
Bookshelf,"$1,477.99",New Arrival,"$1,477.99",36
Leather Recliner,"$1,024.67",,"$1,024.67",40
Ergonomic Office Chair,"$1,759.50",Best Seller,"$1,759.50",44
Wooden Dining Table,"$1,811.33",New Arrival,"$1,811.33",18
Wooden Dining Table,$901.27,Best Seller,$901.27,54
Ergonomic Office Chair,$625.97,Sale,$409.04,50
Leather Recliner,"$1,225.47",Best Seller,"$1,225.47",19
Bookshelf,"$1,833.49",Best Seller,"$1,833.49",25
Ergonomic Office Chair,$500.26,Free shipping,$500.26,51
King Size Bed Frame,"$1,283.64",Free shipping,"$1,283.64",24
King Size Bed Frame,"$1,299.96",Free shipping,"$1,299.96",7
Wooden Dining Table,"$1,492.91",Sale,$923.04,22
Glass Coffee Table,$349.98,Best Seller,$349.98,46
Bookshelf,"$1,460.07",,"$1,460.07",49
Wooden Dining Table,"$1,827.16",Sale,"$1,496.71",7
Glass Coffee Table,$441.40,Free shipping,$441.40,29
Glass Coffee Table,$551.33,,$551.33,15
King Size Bed Frame,"$1,945.65",,"$1,945.65",49
Leather Recliner,$443.86,,$443.86,28
Modern Sofa,"$1,723.33",,"$1,723.33",49
Leather Recliner,"$1,035.33",Free shipping,"$1,035.33",49
Modern Sofa,$569.74,,$569.74,45
Ergonomic Office Chair,"$1,754.42",Free shipping,"$1,754.42",52
King Size Bed Frame,$946.08,Free shipping,$946.08,54
Glass Coffee Table,"$1,078.15",,"$1,078.15",14
Bookshelf,$782.54,Free shipping,$782.54,54
Modern Sofa,"$1,226.61",,"$1,226.61",12
Leather Recliner,$410.70,,,16
Glass Coffee Table,$843.05,New Arrival,$843.05,51
Modern Sofa,"$1,941.88",New Arrival,"$1,941.88",2
Modern Sofa,$590.45,Free shipping,$590.45,58
Modern Sofa,"$1,347.80",Free shipping,"$1,347.80",40
Bookshelf,$717.86,Sale,$456.74,31
King Size Bed Frame,"$1,569.60",Free shipping,"$1,569.60",41
Bookshelf,$348.66,Sale,$255.50,39
Wooden Dining Table,"$1,942.66",,"$1,942.66",26
Glass Coffee Table,$962.20,,$962.20,10
King Size Bed Frame,$548.50,Free shipping,$548.50,55
King Size Bed Frame,$239.64,Best Seller,$239.64,67
King Size Bed Frame,$422.54,Free shipping,$422.54,41
Leather Recliner,"$1,087.57",,"$1,087.57",33
King Size Bed Frame,$740.31,New Arrival,$740.31,11
Bookshelf,"$1,674.88",Free shipping,"$1,674.88",35
King Size Bed Frame,$918.69,Best Seller,$918.69,20
Ergonomic Office Chair,$572.56,Best Seller,$572.56,42
Glass Coffee Table,"$1,272.58",Sale,"$1,050.25",13
King Size Bed Frame,"$1,442.88",Sale,"$1,048.96",12
Glass Coffee Table,$417.38,Free shipping,$417.38,30
Ergonomic Office Chair,$418.48,Best Seller,$418.48,62
Ergonomic Office Chair,$169.68,Free shipping,$169.68,35
Glass Coffee Table,"$1,499.16",Free shipping,"$1,499.16",39
Modern Sofa,"$1,361.23",,"$1,361.23",31
Wooden Dining Table,"$1,001.80",Sale,$659.18,19
Leather Recliner,"$1,703.92",Free shipping,"$1,703.92",25
Modern Sofa,"$1,630.77",Free shipping,"$1,630.77",21
Modern Sofa,"$1,212.17","Free shipping, Sale","$1,003.14",46
Bookshelf,"$1,749.72",Free shipping,"$1,749.72",39
Leather Recliner,$491.10,,$491.10,47
Leather Recliner,$312.65,Best Seller,$312.65,63
Modern Sofa,$612.52,Free shipping,$612.52,26
King Size Bed Frame,$208.47,Best Seller,$208.47,86
Bookshelf,"$1,109.22",Sale,$737.50,17
Bookshelf,"$1,879.55","Free shipping, Sale","$1,372.35",38
Ergonomic Office Chair,$174.75,Free shipping,$174.75,42
Leather Recliner,$332.01,Best Seller,$332.01,38
Modern Sofa,$959.18,Best Seller,$959.18,41
Ergonomic Office Chair,"$1,874.36",Free shipping,"$1,874.36",32
Glass Coffee Table,$700.70,Best Seller,$700.70,25
Wooden Dining Table,"$1,063.75",Best Seller,"$1,063.75",40
Bookshelf,$178.99,,$178.99,23
Glass Coffee Table,$381.85,Free shipping,$381.85,58
Glass Coffee Table,"$1,974.60",Free shipping,"$1,974.60",17
King Size Bed Frame,"$1,933.73",New Arrival,"$1,933.73",12
Wooden Dining Table,$109.39,Best Seller,$109.39,109
Glass Coffee Table,"$1,908.44","Free shipping, Sale","$1,359.99",43
Glass Coffee Table,"$1,314.33",Free shipping,"$1,314.33",8
Wooden Dining Table,"$1,749.04",New Arrival,"$1,749.04",13
Wooden Dining Table,$964.01,Sale,$699.59,34
Glass Coffee Table,"$1,079.63",,"$1,079.63",5
Wooden Dining Table,"$1,028.81","Free shipping, Sale",$692.37,25
Glass Coffee Table,"$1,367.04",Free shipping,"$1,367.04",43
Glass Coffee Table,$365.34,"Free shipping, Sale",$251.27,33
King Size Bed Frame,$156.95,Free shipping,$156.95,66
Modern Sofa,$685.07,Free shipping,$685.07,24
Glass Coffee Table,"$1,438.89",Free shipping,"$1,438.89",25
Ergonomic Office Chair,$483.52,Sale,$300.53,55
Bookshelf,"$1,379.52",Best Seller,"$1,379.52",25
Leather Recliner,"$1,942.83",Sale,"$1,549.27",9
Modern Sofa,$278.41,Sale,$206.50,55
Modern Sofa,"$1,377.94",,"$1,377.94",10
Modern Sofa,$943.13,,,19
King Size Bed Frame,"$1,749.47",Free shipping,"$1,749.47",40
Glass Coffee Table,$436.58,Free shipping,$436.58,18
King Size Bed Frame,"$1,415.99",Free shipping,"$1,415.99",45
Glass Coffee Table,"$1,692.42",Best Seller,"$1,692.42",16
King Size Bed Frame,"$1,894.77",Best Seller,"$1,894.77",30
King Size Bed Frame,"$1,398.17",Free shipping,"$1,398.17",9
Bookshelf,"$1,044.63",Free shipping,"$1,044.63",30
Ergonomic Office Chair,"$1,273.91","Free shipping, Sale",$888.63,12
King Size Bed Frame,"$1,750.92",Sale,"$1,219.94",42
Bookshelf,"$1,184.16",Free shipping,,31
Wooden Dining Table,$157.74,Sale,$97.40,39
Ergonomic Office Chair,"$1,868.80",Best Seller,"$1,868.80",47
King Size Bed Frame,"$1,410.10",Free shipping,"$1,410.10",32
Leather Recliner,"$1,385.38",Sale,$959.70,47
Modern Sofa,$509.78,Free shipping,$509.78,51
Wooden Dining Table,"$1,351.88",Free shipping,"$1,351.88",6
Wooden Dining Table,$848.34,"Free shipping, Sale",$693.45,27
Bookshelf,"$1,337.34",New Arrival,"$1,337.34",7
Wooden Dining Table,$302.53,Sale,$214.56,24
Ergonomic Office Chair,"$1,349.91",Sale,$972.21,52
King Size Bed Frame,"$1,998.89",Sale,"$1,691.44",38
King Size Bed Frame,$191.60,Free shipping,$191.60,59
Leather Recliner,"$1,956.63",Free shipping,"$1,956.63",33
Modern Sofa,$873.13,Best Seller,$873.13,19
Bookshelf,"$1,754.43",Free shipping,"$1,754.43",11
Modern Sofa,"$1,586.53",Sale,"$1,347.10",28
Wooden Dining Table,"$1,177.33",Free shipping,"$1,177.33",38
Leather Recliner,"$1,503.05","Free shipping, Sale","$1,001.44",6
Modern Sofa,"$1,769.18",New Arrival,"$1,769.18",7
Ergonomic Office Chair,$867.87,,$867.87,21
King Size Bed Frame,$721.36,Sale,$467.84,19
Wooden Dining Table,"$1,368.43",New Arrival,"$1,368.43",30
Leather Recliner,"$1,634.91",Best Seller,"$1,634.91",18
Modern Sofa,"$1,548.34",,"$1,548.34",35
Bookshelf,"$1,615.85",Best Seller,"$1,615.85",7
Ergonomic Office Chair,$927.61,,$927.61,17
Ergonomic Office Chair,"$1,653.89",Free shipping,"$1,653.89",41
Modern Sofa,$328.40,New Arrival,$328.40,33
King Size Bed Frame,"$1,134.53",New Arrival,"$1,134.53",4
Modern Sofa,$110.94,Best Seller,$110.94,86
Wooden Dining Table,$716.71,Free shipping,$716.71,27
Modern Sofa,$796.28,"Free shipping, Sale",$575.03,51
Ergonomic Office Chair,$852.73,Free shipping,$852.73,20
Leather Recliner,"$1,421.39",New Arrival,"$1,421.39",33
Modern Sofa,$838.26,Sale,$746.45,31
King Size Bed Frame,$952.52,Free shipping,$952.52,24
Leather Recliner,$551.33,Free shipping,$551.33,56
Bookshelf,$809.18,Free shipping,$809.18,38
Glass Coffee Table,$531.81,,$531.81,43
Modern Sofa,$239.07,Free shipping,$239.07,63
King Size Bed Frame,"$1,246.55",,$875.44,30
Leather Recliner,"$1,369.60",Free shipping,"$1,369.60",20
King Size Bed Frame,"$1,277.03",Sale,$818.71,26
Bookshelf,$980.64,New Arrival,$980.64,28
Ergonomic Office Chair,$821.59,"Free shipping, Sale",$690.96,11
King Size Bed Frame,"$1,740.33",Free shipping,"$1,740.33",25
Leather Recliner,"$1,086.26",,"$1,086.26",8
King Size Bed Frame,"$1,010.45",,"$1,010.45",7
King Size Bed Frame,$148.72,Sale,$89.36,66
King Size Bed Frame,$748.37,"Free shipping, Sale",$666.79,15
Wooden Dining Table,$822.37,Free shipping,$822.37,30
Wooden Dining Table,$857.76,Best Seller,$857.76,26
Ergonomic Office Chair,"$1,202.33",New Arrival,"$1,202.33",39
Modern Sofa,"$1,113.84",Free shipping,"$1,113.84",30
King Size Bed Frame,"$1,255.02",,"$1,255.02",28
Bookshelf,"$1,553.28",New Arrival,"$1,553.28",41
Modern Sofa,"$1,644.67",Best Seller,"$1,644.67",26
Bookshelf,"$1,464.43",New Arrival,"$1,464.43",35
Modern Sofa,"$1,915.50",Free shipping,"$1,915.50",16
Ergonomic Office Chair,$134.64,Sale,$88.18,65
King Size Bed Frame,$471.98,Sale,$304.07,32
King Size Bed Frame,$114.37,New Arrival,$114.37,46
Glass Coffee Table,"$1,330.20",Best Seller,"$1,330.20",54
Bookshelf,"$1,806.26",Free shipping,"$1,806.26",18
Modern Sofa,$562.62,,$562.62,53
Modern Sofa,"$1,861.37",,"$1,861.37",17
Wooden Dining Table,$214.51,,$214.51,39
Glass Coffee Table,"$1,875.43",Best Seller,"$1,875.43",34
Leather Recliner,$768.08,Free shipping,$768.08,37
Leather Recliner,$292.70,Free shipping,$292.70,25
Wooden Dining Table,"$1,023.16",,"$1,023.16",27
Wooden Dining Table,$587.88,Free shipping,$587.88,12
Wooden Dining Table,$641.26,Free shipping,$641.26,36
Bookshelf,$683.85,"Free shipping, Sale",$459.69,32
Bookshelf,"$1,625.75",Best Seller,,56
Ergonomic Office Chair,"$1,124.41","Free shipping, Sale",$863.63,9
Ergonomic Office Chair,$691.48,,$691.48,19
Wooden Dining Table,"$1,259.63",,"$1,259.63",24
Glass Coffee Table,"$1,460.69",Free shipping,"$1,460.69",13
Modern Sofa,$617.99,Best Seller,$617.99,35
Bookshelf,$885.74,,$885.74,25
Glass Coffee Table,$331.58,,$331.58,55
King Size Bed Frame,$444.18,,$444.18,59
Bookshelf,"$1,394.12",Best Seller,"$1,394.12",36
Bookshelf,$444.73,,$444.73,21
Ergonomic Office Chair,"$1,097.81",,"$1,097.81",36
Modern Sofa,"$1,447.19",,"$1,447.19",6
Modern Sofa,$303.07,,$303.07,40
Leather Recliner,"$1,177.89",,"$1,177.89",16
Leather Recliner,$587.47,Sale,$468.33,34
Leather Recliner,"$1,929.56",Best Seller,"$1,929.56",18
Leather Recliner,"$1,018.74",Free shipping,"$1,018.74",30
King Size Bed Frame,"$1,631.39",Best Seller,"$1,631.39",9
King Size Bed Frame,"$1,145.43",Free shipping,"$1,145.43",51
Bookshelf,$182.48,Free shipping,$182.48,81
Wooden Dining Table,"$1,302.99",Best Seller,"$1,302.99",37
Ergonomic Office Chair,"$1,907.67",Free shipping,"$1,907.67",37
Ergonomic Office Chair,"$1,243.06",Best Seller,"$1,243.06",57
Leather Recliner,"$1,656.46",,"$1,656.46",16
Bookshelf,"$1,779.99",New Arrival,"$1,779.99",13
Glass Coffee Table,$533.35,Best Seller,$533.35,52
Wooden Dining Table,$502.89,"Free shipping, Sale",$358.46,60
Bookshelf,"$1,260.86",Sale,"$1,031.27",33
Wooden Dining Table,$880.95,Free shipping,$880.95,50
Wooden Dining Table,"$1,695.74",Best Seller,"$1,695.74",24
Wooden Dining Table,"$1,810.04",Sale,"$1,379.48",43
Bookshelf,$771.50,,$771.50,53
Leather Recliner,$550.05,,$550.05,29
Ergonomic Office Chair,"$1,583.00",Best Seller,"$1,583.00",30
Ergonomic Office Chair,$622.13,Best Seller,$622.13,39
Leather Recliner,"$1,662.97",Free shipping,"$1,662.97",13
Wooden Dining Table,$905.10,Free shipping,$905.10,41
Glass Coffee Table,"$1,368.34",Free shipping,"$1,368.34",15
Modern Sofa,$281.52,,$281.52,22
Bookshelf,"$1,285.33",,"$1,285.33",46
Modern Sofa,$958.36,New Arrival,$958.36,9
Leather Recliner,"$1,214.56",Free shipping,"$1,214.56",40
Glass Coffee Table,$419.23,New Arrival,$419.23,33
Bookshelf,"$1,500.06",Free shipping,"$1,500.06",15
